{"cameraMode":{"drawMode":0,"name":"Shaded","section":"Shading Mode"},"sceneLighting":false,"audioPlay":false,"sceneViewState":{"m_AlwaysRefresh":false,"showFog":true,"showSkybox":false,"showFlares":true,"showImageEffects":true,"showParticleSystems":true,"showVisualEffectGraphs":true,"m_FxEnabled":true},"in2DMode":false,"pivot":{"x":0.018857717514038087,"y":1.634450912475586,"z":-0.15182971954345704},"rotation":{"x":0.10187306255102158,"y":0.8650422096252441,"z":-0.19554106891155244,"w":0.45067980885505679},"size":2.3712351322174074,"orthographic":false}