{"cameraMode":{"drawMode":0,"name":"Shaded","section":"Shading Mode"},"sceneLighting":false,"audioPlay":false,"sceneViewState":{"m_AlwaysRefresh":false,"showFog":true,"showSkybox":false,"showFlares":true,"showImageEffects":true,"showParticleSystems":true,"showVisualEffectGraphs":true,"m_FxEnabled":true},"in2DMode":false,"pivot":{"x":-0.2757565379142761,"y":1.3014206886291505,"z":0.14256596565246583},"rotation":{"x":0.030038883909583093,"y":0.9698999524116516,"z":-0.1768038272857666,"w":0.16479291021823884},"size":3.9700920581817629,"orthographic":false}