{"cameraMode":{"drawMode":0,"name":"Shaded","section":"Shading Mode"},"sceneLighting":false,"audioPlay":false,"sceneViewState":{"m_AlwaysRefresh":false,"showFog":true,"showSkybox":false,"showFlares":true,"showImageEffects":true,"showParticleSystems":true,"showVisualEffectGraphs":true,"m_FxEnabled":true},"in2DMode":false,"pivot":{"x":-0.04670840501785278,"y":-0.04463588446378708,"z":-0.08281339704990387},"rotation":{"x":0.11487797647714615,"y":0.8542937636375427,"z":-0.21342219412326814,"w":0.4598487317562103},"size":0.8141694664955139,"orthographic":false}